company,address
广东倾云科技有限公司,中山广东倾云科技有限公司一层
火眼科技（天津）有限公司,衡水桃城区众成大厦2407
郑州玉带信息技术有限责任公司,郑州二七区升龙世纪花园壹区1号楼
广东天勤科技有限公司,梅州兴宁市天勤网络37号
武汉赢月网络科技有限公司,武汉洪山区长航·蓝晶国际7栋1009
陕西润古网络科技有限公司,西安雁塔区西安高新技术产业开发区(锦业路)
江西天华新瑞信息技术有限公司南昌分公司,南昌萍钢总部大楼(东门)1302
遵义小红椒网络科技有限公司,遵义红花岗区中关村遵义创业中心3层A区
广州小檬信息科技有限公司,广州海珠区保利叁悦广场C塔1005
娄底宇麒科技有限责任公司,娄底娄星区SOHO尚都10层1011
南阳市微企胜网络科技有限公司,南阳卧龙区兴达国际D座903
贵州黔狐科技股份有限公司,铜仁碧江区麒龙国际会展城D2栋3楼
深圳市芒果松科技有限公司,深圳龙华区向荣商务大厦2楼2001
长春信航科技有限公司,长春南关区吉云集团3楼
上海奇杲科技有限公司,郑州二七区正商城禧园二号院0536
上海信栖网络科技有限公司,上海闵行区兴迪商务大厦603
浙江星河微网能源科技有限公司,杭州余杭区中国(杭州)人工智能小镇浙工大研究院
潮州市鲁迪信息科技有限公司,潮州潮安区潮商科创产业园B601
贵州动点世纪科技有限公司,贵阳云岩区贵阳市青年人才社区赛岭公寓701
